"product_code","product_name_short","product_section","product_chapter","pci_final","ubiquity","density","opportunity_score","relative_category"
"1001","Wheat and meslin","Vegetable products","10","-0.199450606022009","25","0.0744181587497999","0.52495638036217","Incremental extensions"
"1003","Barley","Vegetable products","10","0.0653686123559834","21","0.0670843453547772","0.517664169442858","Incremental extensions"
"1004","Oats","Vegetable products","10","0.0101379733984892","16","0.0593920139539177","0.470004906123165","Middle-range candidates"
"1005","Corn","Vegetable products","10","-1.05263062767728","24","0.0868624156204428","0.500995566174065","Incremental extensions"
"101","101","Unknown","","","","","","Network only"
"105","105","Unknown","","","","","","Network only"
"1103","Cereal meals","Vegetable products","11","-0.94625107545867","49","0.081876962910712","0.471129502266934","Incremental extensions"
"1104","1104","Vegetable products","11","-0.863103259257169","47","","","Network only"
"1205","Rape or colza seeds","Vegetable products","12","-0.163116598844597","19","0.067478044860148","0.479080983321564","Incremental extensions"
"1501","Pig and poultry fat, rendered","Fats and oils","15","0.146540673810987","26","0.0607409592410519","0.515653075426199","Middle-range candidates"
"1509","Olive oil","Fats and oils","15","-0.731410279267652","16","0.0694736390756695","0.437451679247061","Incremental extensions"
"1510","Olive oil, blended","Fats and oils","15","-0.692009679635183","12","0.059718209825865","0.395907617125599","Middle-range candidates"
"1601","Sausages","Foodstuffs","16","0.175924355021962","44","0.0650156318336211","0.519019638782109","Middle-range candidates"
"1602","1602","Foodstuffs","16","-0.129195392444793","39","","","Network only"
"1605","Prepared aquatic invertibrates","Foodstuffs","16","-1.48373534992978","48","0.0842440219888513","0.430848562654","Incremental extensions"
"1704","Confectionery sugar","Foodstuffs","17","-0.51672645519071","46","0.0756852984915143","0.494858164152166","Incremental extensions"
"1803","Cocoa paste","Foodstuffs","18","-0.737407662181117","17","0.0559953377968517","0.428816431394614","Middle-range candidates"
"1804","Cocoa butter","Foodstuffs","18","-1.24494550343051","20","0.0716357444404774","0.427784825423687","Incremental extensions"
"1805","Cocoa powder","Foodstuffs","18","-0.405468566393561","20","0.0629371663003955","0.465696861787407","Middle-range candidates"
"1806","Chocolates","Foodstuffs","18","0.296844925682269","42","0.0627802714653451","0.527519866107252","Middle-range candidates"
"1901","Malt extract","Foodstuffs","19","-0.323751862802835","41","0.0717399922677141","0.495561521515154","Excluded from relative universe"
"1904","Cereal foods","Foodstuffs","19","-0.496182312547758","50","0.0716804548292391","0.488433829134411","Incremental extensions"
"1905","Bakery products","Foodstuffs","19","-0.201669392464295","60","0.0714551803329398","0.512937004129864","Incremental extensions"
"2001","Pickled fruits and vegetables","Foodstuffs","20","-0.757678099798017","41","0.0717025271478272","0.458779713779601","Incremental extensions"
"2005","Other vegetables, prepared or preserved","Foodstuffs","20","-0.784470635342321","45","0.0735000322513037","0.472801437917909","Incremental extensions"
"2007","Jams, jellies and marmalades","Foodstuffs","20","-0.526341028588735","49","0.0769630168954088","0.48382191511314","Incremental extensions"
"2008","2008","Foodstuffs","20","-1.08162064329229","63","","","Network only"
"2009","Fruit juices","Foodstuffs","20","-0.749459435680335","62","0.0862627222621554","0.477411955593297","Incremental extensions"
"201","201","Unknown","","","","","","Network only"
"202","202","Unknown","","","","","","Network only"
"203","203","Unknown","","","","","","Network only"
"206","206","Unknown","","","","","","Network only"
"209","209","Unknown","","","","","","Network only"
"2103","Sauces and seasonings","Foodstuffs","21","-0.246848217894683","50","0.0729404422863643","0.507651146001686","Incremental extensions"
"2105","Ice cream","Foodstuffs","21","-0.0952127609681422","44","0.0680398786604708","0.504084857122439","Incremental extensions"
"2106","Food preparations n.e.c.","Foodstuffs","21","0.109072563063153","62","0.0662774202256805","0.515201277716086","Excluded from relative universe"
"2301","Flours of fish, for animal feed","Foodstuffs","23","-1.54067342730946","54","0.0975462895883823","0.471016672518825","Incremental extensions"
"2515","Marble","Minerals","25","-1.31517754024139","28","0.0751624421055233","0.414007987656008","Incremental extensions"
"2528","2528","Minerals","25","-0.952040080115236","12","","","Network only"
"2607","2607","Minerals","26","-1.46178678151455","30","","","Network only"
"2608","2608","Minerals","26","-1.64169547312391","32","","","Network only"
"2707","Oils etc. from high temperature coal tar","Minerals","27","0.52800235222193","27","0.0494887786731318","0.539490480201513","Middle-range candidates"
"2713","Petroleum coke","Minerals","27","-0.902585188435249","37","0.082950380128813","0.475160874761322","Incremental extensions"
"2715","Bituminous mixtures","Minerals","27","-0.884756636491263","37","0.0765172540570554","0.441291981696072","Incremental extensions"
"2716","Electrical energy","Minerals","27","-0.48116297032079","55","0.0727110177661648","0.512431873216621","Incremental extensions"
"2810","2810","Chemicals","28","-1.01194472024093","11","","","Network only"
"2812","Halides of nonmetals","Chemicals","28","1.85320946786368","6","0.0288820609928967","0.45626123667397","Middle-range candidates"
"2843","Compounds of precious metals","Chemicals","28","1.72932765745091","9","0.0388588437748388","0.508923694322021","Middle-range candidates"
"2902","Cyclic hydrocarbons","Chemicals","29","0.675360098828002","16","0.0460624579265237","0.476305891963959","Middle-range candidates"
"2903","Halogenated derivatives of hydrocarbons","Chemicals","29","0.946797449033151","12","0.037136788981557","0.482907466795698","Transformational long shots"
"2907","Phenols, phenol-alcohols","Chemicals","29","1.0666478057471","20","0.0493499398041852","0.531910898988132","Transformational long shots"
"2912","Aldehydes","Chemicals","29","1.43188611985315","15","0.0388403581887545","0.544746581624615","Transformational long shots"
"2913","Derivatives of aldehydes","Chemicals","29","1.12077136732247","6","0.0372659089098177","0.421547925291165","Excluded from relative universe"
"2914","Ketones and quinones","Chemicals","29","1.5569685651751","19","0.0402446731717849","0.559270709728173","Excluded from relative universe"
"2916","Unsaturated acyclic monocarboxylic acids","Chemicals","29","0.834025578006763","23","0.046536387520591","0.529429506437839","Transformational long shots"
"2919","Phosporic esters","Chemicals","29","1.90380057213349","7","0.0296138372733929","0.480839034780452","Middle-range candidates"
"2920","Esters of other inorganic acids of nonmetals","Chemicals","29","1.56101024178088","13","0.0370556058716279","0.522874150648075","Transformational long shots"
"2921","Amine-function compounds","Chemicals","29","1.28158922238548","17","0.0401506587697249","0.543400249141577","Transformational long shots"
"2925","Carboxyimide-function compounds","Chemicals","29","0.842191504369616","14","0.0381271740824194","0.494982716075323","Transformational long shots"
"2926","Nitrile-function compounds","Chemicals","29","1.5433533640497","12","0.0344587217180733","0.511290840084045","Transformational long shots"
"2927","Diazo-, azo-, or azoxy-compounds","Chemicals","29","1.27462697880809","7","0.0336848273122742","0.420167906334138","Middle-range candidates"
"2928","Organix derivatives of hydrazine","Chemicals","29","0.78639912043805","8","0.038002822207756","0.444255617054153","Middle-range candidates"
"2931","Other organo-inorganic compounds","Chemicals","29","1.73802709400842","12","0.0338887808359907","0.519300352559499","Transformational long shots"
"2933","Heterocyclic compounds with nitrogen hetero-atom(s) only","Chemicals","29","0.955030326590622","14","0.0438561045122703","0.489456812759671","Middle-range candidates"
"2934","Nucleic acids and their salts","Chemicals","29","1.17470817785905","13","0.0392118101395963","0.497726357189535","Middle-range candidates"
"2935","Sulfonamides","Chemicals","29","0.902152693025652","11","0.0448757703239404","0.442513206694347","Middle-range candidates"
"2940","Other sugars, chemically pure","Chemicals","29","1.1511426647301","16","0.0400137572125206","0.54953206507786","Transformational long shots"
"3001","Heparin for therapeutic use","Chemicals","30","0.730379624426946","18","0.0562737296450774","0.508899481277648","Middle-range candidates"
"3002","Serums and vaccines","Chemicals","30","1.79682156928037","18","0.0436848215582935","0.600028475853016","Excluded from relative universe"
"3004","Medicaments, packaged","Chemicals","30","0.741643413284178","33","0.0516916812024646","0.542413047410359","Middle-range candidates"
"302","302","Unknown","","","","","","Network only"
"304","304","Unknown","","","","","","Network only"
"305","305","Unknown","","","","","","Network only"
"306","306","Unknown","","","","","","Network only"
"307","307","Unknown","","","","","","Network only"
"3208","Paints and varnishes, nonaqueous","Chemicals","32","0.348446891884779","44","0.0612102049550931","0.53175004317601","Middle-range candidates"
"3209","Paints and varnishes, aqueous","Chemicals","32","-0.146640102894705","48","0.0655012932824924","0.493746969943623","Middle-range candidates"
"3210","Other paints and varnishes","Chemicals","32","0.2488409686819","46","0.0601349311056573","0.490300352820506","Middle-range candidates"
"3212","Pigments, nonaqueous","Chemicals","32","0.954433593798816","32","0.0505668661593347","0.537217525578928","Transformational long shots"
"3214","Glaziers' putty","Chemicals","32","0.519449372356581","36","0.0576792082671372","0.539446045893374","Excluded from relative universe"
"3305","Hair products","Chemicals","33","0.394136868694093","52","0.0633157055226463","0.525025969287422","Middle-range candidates"
"3306","Dental hygiene products","Chemicals","33","0.291214566584347","35","0.061125167150301","0.500836175529301","Middle-range candidates"
"3307","Toiletries","Chemicals","33","0.285036996124037","39","0.0642478681994398","0.514871542192137","Excluded from relative universe"
"3402","Cleaning products","Chemicals","34","-0.0636322123786592","48","0.0689842125045156","0.526701358961092","Incremental extensions"
"3403","Lubricants","Chemicals","34","1.45261739605372","16","0.0412292893779608","0.533666103346556","Transformational long shots"
"3406","Candles","Chemicals","34","0.0979453837772765","27","0.0543848041837676","0.486461528638766","Middle-range candidates"
"3502","Albumins","Chemicals","35","0.28396546359776","17","0.0590212043249058","0.513511879113232","Middle-range candidates"
"3504","Peptones","Chemicals","35","0.732976276589645","18","0.0529734187131227","0.525764577144446","Excluded from relative universe"
"3506","Glues and adhesives","Chemicals","35","0.83639643859731","25","0.0493193904657411","0.540318429417182","Excluded from relative universe"
"3705","Photographic film, developed","Chemicals","37","2.64885253115279","6","0.0317996168662572","0.491114202803952","Middle-range candidates"
"3803","Tall oil","Chemicals","38","0.426402980908116","10","0.0616296200010012","0.464314780254195","Middle-range candidates"
"3805","Turpentines","Chemicals","38","-0.599186375760665","20","0.0772723544215753","0.455160778681304","Excluded from relative universe"
"3806","Rosin and resin acids","Chemicals","38","-0.0231465277458639","19","0.0691273474615493","0.487852227358377","Incremental extensions"
"3808","Insecticides, rodenticides, fungicides, etc.","Chemicals","38","0.206419804401177","34","0.0627748814612046","0.526854382984339","Middle-range candidates"
"3814","Organic composite solvents and thinners","Chemicals","38","0.136539624327497","48","0.063917598070467","0.492536950948739","Excluded from relative universe"
"3816","Refractory cements","Chemicals","38","0.576854729941897","23","0.0481652776058172","0.525733801520279","Middle-range candidates"
"3818","Chemical elements for electronics","Chemicals","38","1.92815681719947","10","0.0329927693673771","0.50606168198805","Middle-range candidates"
"3819","Hydraulic fluids","Chemicals","38","1.28418130406363","15","0.0458710486224382","0.522049795164131","Transformational long shots"
"3820","Antifreezing preparation","Chemicals","38","0.420010926582033","27","0.060264759773787","0.525329434161602","Middle-range candidates"
"3821","Prepared culture media for micro-organisms","Chemicals","38","0.925565293226922","20","0.0482501606549632","0.534970170003954","Transformational long shots"
"3901","Polymers of ethylene","Plastics and rubber","39","0.13207123075707","29","0.0666895404244547","0.502265388480004","Incremental extensions"
"3902","Polymers of propylene","Plastics and rubber","39","0.524951361096915","26","0.0555477639638342","0.518232328772523","Middle-range candidates"
"3904","Polymers of vinyl chloride","Plastics and rubber","39","1.05180860395187","22","0.0465724485967686","0.55158939338562","Transformational long shots"
"3905","Polymers of vinyl acetate","Plastics and rubber","39","1.26617317433111","22","0.0486258244732785","0.537671672262473","Transformational long shots"
"3906","Acrylic polymers","Plastics and rubber","39","1.45590372382388","23","0.047350306618071","0.559228530124072","Transformational long shots"
"3908","Polyamides","Plastics and rubber","39","1.70177584760588","14","0.0421515575002354","0.568676028172415","Transformational long shots"
"3909","Amino-resins","Plastics and rubber","39","1.20025858591336","22","0.0453024915146889","0.564705845935894","Excluded from relative universe"
"3911","Petroleum resins","Plastics and rubber","39","1.51078823735664","13","0.036115335972795","0.542966215676851","Excluded from relative universe"
"3914","Ion-exchangers based on polymers","Plastics and rubber","39","1.54585659243016","17","0.0401009174117419","0.570439913500396","Excluded from relative universe"
"3915","Plastic waste","Plastics and rubber","39","-0.649935721357569","71","0.0741871096819933","0.462001999381265","Incremental extensions"
"3916","Monofilament","Plastics and rubber","39","0.731578563088919","20","0.0510434595242902","0.528077693137076","Excluded from relative universe"
"3917","Plastic tubes and fittings","Plastics and rubber","39","-0.00377187217177771","54","0.0670430908297973","0.513134827458215","Incremental extensions"
"3920","Other plates of plastics, noncellular and not reinforced","Plastics and rubber","39","0.164152933558731","41","0.0622232320400372","0.517650750533542","Middle-range candidates"
"3921","Other plastic plates, sheets etc.","Plastics and rubber","39","0.703186025302019","38","0.0580503598437089","0.548966841618165","Middle-range candidates"
"3922","Baths, sinks etc.","Plastics and rubber","39","0.472194952411587","31","0.0556101370041744","0.535084937298747","Middle-range candidates"
"3923","Packing lids","Plastics and rubber","39","-0.0342495397878116","63","0.0701829030645542","0.512874249293481","Incremental extensions"
"3925","Plastic builders' ware","Plastics and rubber","39","0.351273947379988","38","0.0581426975424018","0.518528715116735","Excluded from relative universe"
"3926","Other articles of plastic","Plastics and rubber","39","1.03512981089685","28","0.0482403977063621","0.581097527431264","Transformational long shots"
"4005","Compounded rubber","Plastics and rubber","40","1.12003194809193","24","0.0510372837910274","0.564048752688763","Transformational long shots"
"4006","Unvulcanized rubber rods","Plastics and rubber","40","0.745129209864367","19","0.0515881681776451","0.516188371149741","Middle-range candidates"
"4008","Vulcanized rubber plates","Plastics and rubber","40","1.00916824652068","28","0.049682920964986","0.563612472977993","Transformational long shots"
"4009","Vulcanized rubber tubes","Plastics and rubber","40","0.879439097043693","30","0.0547024813956738","0.552406156502188","Strategic bets"
"401","401","Unknown","","","","","","Network only"
"4010","Conveyor belts of vulcanized rubber","Plastics and rubber","40","0.982495790161195","27","0.0508577416319318","0.548192247781164","Transformational long shots"
"4016","Other articles of vulcanized rubber","Plastics and rubber","40","1.00235121296487","32","0.0521770511266298","0.561796083489242","Strategic bets"
"403","403","Unknown","","","","","","Network only"
"404","404","Unknown","","","","","","Network only"
"405","405","Unknown","","","","","","Network only"
"406","406","Unknown","","","","","","Network only"
"407","407","Unknown","","","","","","Network only"
"408","408","Unknown","","","","","","Network only"
"4109","4109","Hides and leather","41","-0.547645708432967","14","","","Network only"
"4110","4110","Hides and leather","41","-0.762249025686497","14","","","Network only"
"4202","Trunks or cases","Hides and leather","42","-0.3855773917049","20","0.0496813804694832","0.424815064586964","Low-priority products"
"4203","Leather apparel","Hides and leather","42","-0.147197565398068","40","0.0590657429459455","0.437078709614885","Middle-range candidates"
"4301","Other raw furskins","Hides and leather","43","-0.423286320152965","16","0.0654968414473382","0.403500167358548","Middle-range candidates"
"4403","4403","Wood and paper","44","-1.50443400175557","54","","","Network only"
"4407","4407","Wood and paper","44","-1.22882133817918","51","","","Network only"
"4408","Sheets for veneering for plywood","Wood and paper","44","-0.892877610239679","41","0.0727828947920425","0.468060919076856","Excluded from relative universe"
"4409","4409","Wood and paper","44","-1.02744889964634","48","","","Network only"
"4410","Particle board and similar board","Wood and paper","44","0.193551881625791","31","0.0624784296661978","0.525066038233032","Middle-range candidates"
"4411","Fiberboard of wood","Wood and paper","44","0.105805427374859","35","0.0701062296346202","0.525095783297727","Incremental extensions"
"4412","Plywood","Wood and paper","44","-0.837493352681817","43","0.0842238197374948","0.477685776392474","Incremental extensions"
"4415","Packing boxes","Wood and paper","44","0.19986866006838","51","0.0645202409930662","0.509669067393704","Middle-range candidates"
"4417","4417","Wood and paper","44","-0.425985128926372","36","","","Network only"
"4418","Wood carpentry for construction","Wood and paper","44","-0.213157851583574","43","0.0714583137139498","0.500494069286687","Incremental extensions"
"4703","Chemical woodpulp, soda or sulfate","Wood and paper","47","-0.19045310542581","13","0.0805725854404267","0.488722870491082","Incremental extensions"
"4705","Semichemical woodpulp","Wood and paper","47","-0.151838721414291","11","0.073913768831359","0.444006457085186","Incremental extensions"
"4707","Paper waste","Wood and paper","47","-0.163555791639226","66","0.0701671006412567","0.474745262508608","Incremental extensions"
"4808","Corrugated paper and paperboard","Wood and paper","48","-0.0403331697137417","38","0.0622683456541831","0.491308865178011","Middle-range candidates"
"4818","Toilet paper","Wood and paper","48","-0.18759726908052","51","0.0676553030360052","0.500570932805462","Incremental extensions"
"4819","Cardboard packing containers","Wood and paper","48","-0.307925673615827","55","0.0637270419291423","0.480665603335098","Middle-range candidates"
"4821","Paper labels","Wood and paper","48","0.161217715977535","49","0.0637733257245282","0.513597870537439","Middle-range candidates"
"4822","Bobbins, spools, cops of paper","Wood and paper","48","0.317025690217041","39","0.0625009780943812","0.514057313432261","Middle-range candidates"
"4823","Other paper cut to size","Wood and paper","48","0.154531523785342","33","0.0581211128696727","0.509486288479928","Middle-range candidates"
"4901","Books, brochures etc.","Wood and paper","49","0.370327947408118","43","0.0610570446248971","0.503647354188982","Middle-range candidates"
"4902","Newspapers, journals and periodicals","Wood and paper","49","0.917481305326852","26","0.0503429891736568","0.523957921134913","Transformational long shots"
"4911","Other printed matter","Wood and paper","49","0.426467587596784","41","0.059907951047873","0.510808593578868","Middle-range candidates"
"5002","Raw silk","Textiles and apparel","50","0.376512933582693","8","0.0477951815867135","0.405042483240156","Middle-range candidates"
"5004","Silk yarn","Textiles and apparel","50","0.525046478461945","7","0.043242975537667","0.40362641907565","Excluded from relative universe"
"5204","Cotton sewing thread","Textiles and apparel","52","-0.638402339931701","30","0.0632147828609092","0.432908056497053","Excluded from relative universe"
"5205","Cotton yarn of > 85%","Textiles and apparel","52","-1.53219172077447","21","0.0739922033674332","0.393684275732798","Incremental extensions"
"5206","Cotton yarn of < 85%","Textiles and apparel","52","-1.02560543215756","20","0.0611359312282592","0.384788314145723","Middle-range candidates"
"5210","Woven fabrics of cotton of < 85% weighing < 200 g/m2","Textiles and apparel","52","-0.42309128837698","15","0.0506762077727839","0.405304994728177","Low-priority products"
"5309","Woven fabrics of flax","Textiles and apparel","53","0.757434578159761","16","0.0450495818182232","0.483736576078484","Middle-range candidates"
"5401","Synthetic sowing thread","Textiles and apparel","54","-0.210649645858656","30","0.0555510208858863","0.448164922655615","Middle-range candidates"
"5408","Woven fabrics of artificial filament yarn","Textiles and apparel","54","0.582452923348761","18","0.0446864696744504","0.479917046772772","Middle-range candidates"
"5503","Synthetic staple fibers","Textiles and apparel","55","0.476390579366437","24","0.0554360891604769","0.50793425598142","Middle-range candidates"
"5514","Woven fabrics of < 85% synthetic staple fibers weighing > 170 g/m2","Textiles and apparel","55","-0.752179261506008","19","0.0595639712323329","0.427255642011932","Middle-range candidates"
"5515","Other woven fabrics of synthetic staple fibers","Textiles and apparel","55","0.125993336020959","20","0.0514444226858119","0.464659464685819","Middle-range candidates"
"5516","Woven fabrics of artificial staple fibers","Textiles and apparel","55","-0.045318285400254","15","0.0525006610463809","0.438882740639197","Low-priority products"
"5605","Metallised yarn","Textiles and apparel","56","0.531367277129048","13","0.0437376512726422","0.445488476123","Excluded from relative universe"
"5701","Carpets, knotted","Textiles and apparel","57","-0.63210266217313","24","0.0649570674608379","0.417394098141665","Middle-range candidates"
"5702","Woven carpets and rugs","Textiles and apparel","57","-0.804599761589412","28","0.0697811564232308","0.426379957726855","Incremental extensions"
"5801","Woven pile fabrics","Textiles and apparel","58","0.643608501687569","15","0.0450003896706874","0.474381825117264","Middle-range candidates"
"5804","Lace and net fabrics","Textiles and apparel","58","0.100759799388827","15","0.0468521122326487","0.420174882916772","Low-priority products"
"5806","Narrow woven fabrics","Textiles and apparel","58","0.282017233371984","24","0.0522586305277098","0.470789654833234","Middle-range candidates"
"5807","Labels and badges of textiles","Textiles and apparel","58","-0.0614055102723972","26","0.0517927667265817","0.435397250597487","Low-priority products"
"5910","Transmission belts or belting, of textile material","Textiles and apparel","59","1.40428327519761","18","0.0402638491045935","0.552250315025782","Transformational long shots"
"5911","Textile articles for technical use","Textiles and apparel","59","1.20768150815627","28","0.0483275379133886","0.56188966185034","Transformational long shots"
"6002","Other knitted fabrics","Textiles and apparel","60","-0.438665999186058","27","0.0594525013635995","0.442269826824028","Middle-range candidates"
"6101","Men's overcoats, knit","Textiles and apparel","61","-0.995826815895769","49","0.0708953157681634","0.435728684679894","Incremental extensions"
"6102","Women's overcoats, knit","Textiles and apparel","61","-0.988045030079657","47","0.069379435264826","0.435172735282411","Incremental extensions"
"6103","Men's suits, knit","Textiles and apparel","61","-1.23235181513356","44","0.0694922116081429","0.407775105038741","Incremental extensions"
"6104","Women's suits, knit","Textiles and apparel","61","-1.19478990713921","40","0.0678078493979901","0.420812570358573","Incremental extensions"
"6105","Men's shirts, knit","Textiles and apparel","61","-1.20449518166049","45","0.0752145474317611","0.420392779012213","Incremental extensions"
"6106","Women's shirts, knit","Textiles and apparel","61","-1.22015170817286","50","0.0796274144708537","0.431621466081843","Incremental extensions"
"6107","Men's undergarments, knit","Textiles and apparel","61","-1.0942319547855","40","0.0694228122690156","0.427844551377657","Incremental extensions"
"6108","Women's undergarments, knit","Textiles and apparel","61","-1.18734991736658","30","0.068695837544668","0.418450454483772","Incremental extensions"
"6109","T-shirts, knit","Textiles and apparel","61","-1.09034678584388","47","0.0713034430467889","0.437006534114904","Incremental extensions"
"6110","Sweaters, pullovers, sweatshirts etc., knit","Textiles and apparel","61","-0.957510049845006","42","0.066243052651861","0.436880122105361","Middle-range candidates"
"6111","Babies' garments, knit","Textiles and apparel","61","-1.06260113027059","35","0.0666166464017704","0.42141939010535","Incremental extensions"
"6112","Activewear, knit","Textiles and apparel","61","-0.639003087504867","38","0.0641886752163629","0.448382340046603","Middle-range candidates"
"6113","Garments knit with impregnated fibers","Textiles and apparel","61","-0.765248361051664","31","0.0600312447554772","0.429150743785636","Middle-range candidates"
"6114","Other garments, knit","Textiles and apparel","61","-1.0768345230455","38","0.0679538617298856","0.425780249333684","Incremental extensions"
"6115","Socks, stockings, etc., knit","Textiles and apparel","61","-0.650006874778342","39","0.0674012336176553","0.452930127402045","Incremental extensions"
"6116","Gloves, knit","Textiles and apparel","61","-0.853966976435237","20","0.0587975230227078","0.403450228238461","Middle-range candidates"
"6117","Other clothing accesories, knit","Textiles and apparel","61","-0.895908965176993","27","0.059126068328027","0.404642196358078","Middle-range candidates"
"6201","Men's overcoats, not knit","Textiles and apparel","62","-0.64186227334728","37","0.059415067534871","0.43095698168406","Middle-range candidates"
"6202","Womens overcoats, not knit","Textiles and apparel","62","-0.553233445126407","31","0.0573882086627997","0.441458915978266","Middle-range candidates"
"6203","Men's suits and pants","Textiles and apparel","62","-0.930128676977461","48","0.069153425465025","0.434958712963293","Incremental extensions"
"6204","Women's suits and pants","Textiles and apparel","62","-0.95817334638411","43","0.0641792152865185","0.435405872286434","Middle-range candidates"
"6205","Men's shirts","Textiles and apparel","62","-0.946509301213365","49","0.067298097954371","0.424160741072688","Incremental extensions"
"6206","Women's shirts","Textiles and apparel","62","-0.918925787050591","46","0.0665460187881855","0.427782882239767","Middle-range candidates"
"6207","Men's undergarments","Textiles and apparel","62","-1.09835313468078","42","0.0687930279148176","0.408029015769851","Excluded from relative universe"
"6208","Women's undergarments","Textiles and apparel","62","-0.693444125100774","35","0.0611153273403479","0.419742393406838","Excluded from relative universe"
"6209","Babies' garments","Textiles and apparel","62","-0.869215798408592","36","0.0640625842957579","0.422395452634877","Middle-range candidates"
"6210","Garments made of textile felts and nonwoven fabric","Textiles and apparel","62","-0.610722432394334","44","0.0642441381240427","0.44620827519304","Middle-range candidates"
"6211","Activewear","Textiles and apparel","62","-0.82704360653513","53","0.0673677886339976","0.436891208251259","Incremental extensions"
"6212","Brassieres","Textiles and apparel","62","-0.873685436338517","30","0.0632187417089866","0.417396134385645","Excluded from relative universe"
"6214","Shawls, scarves, etc.","Textiles and apparel","62","-0.656500373870033","20","0.0525858486696458","0.404188239887506","Low-priority products"
"6216","Gloves","Textiles and apparel","62","-0.520659976912802","27","0.0581810070865215","0.449794124484899","Middle-range candidates"
"6305","Bags for packing goods","Textiles and apparel","63","-1.67444264839055","52","0.0846139482126945","0.414894544251488","Incremental extensions"
"6307","Other made up articles","Textiles and apparel","63","-0.83524839722513","29","0.0625727580191884","0.42462070165658","Middle-range candidates"
"6401","Waterproof footwear","Footwear and headgear","64","-0.526208115444843","39","0.0670925661430112","0.459409893240219","Incremental extensions"
"6403","Leather footwear","Footwear and headgear","64","-0.0852368312102214","36","0.0598399408499375","0.478953716952757","Middle-range candidates"
"6404","Textile footwear","Footwear and headgear","64","-0.220953016948534","28","0.0582005911094962","0.458835717350861","Middle-range candidates"
"6405","Other footwear","Footwear and headgear","64","-0.579905031817428","45","0.0695222238081164","0.446875143821124","Incremental extensions"
"6505","Hats, knit","Footwear and headgear","65","-0.817415721066361","26","0.0554611281200596","0.417114738443562","Middle-range candidates"
"6801","Flagstones, of natural stone","Stone and glass","68","-0.331988524462619","26","0.0609464436202757","0.448274001705075","Excluded from relative universe"
"6802","Worked building stone","Stone and glass","68","-0.820862584690798","29","0.0657944577405685","0.439023507203744","Middle-range candidates"
"6804","Grindstones","Stone and glass","68","1.48801600078974","20","0.0438913966335321","0.568803425166585","Excluded from relative universe"
"6806","Mineral wools and insulating materials","Stone and glass","68","0.729539830381332","30","0.0552730553844997","0.534164099150607","Middle-range candidates"
"6810","Articles of cement, of concrete or of artificial stone","Stone and glass","68","0.440365003380494","34","0.054138530366991","0.514797250536082","Middle-range candidates"
"6815","Articles of stone or of other mineral substances","Stone and glass","68","1.012489266743","24","0.048293842387869","0.545825764055043","Excluded from relative universe"
"6903","Other refractory ceramic goods","Stone and glass","69","1.1907693479136","19","0.0418595565495245","0.542869410302598","Transformational long shots"
"6905","Architectural ceramic ornaments","Stone and glass","69","0.399888543787617","25","0.0529697808294867","0.504587233868652","Middle-range candidates"
"7006","Worked glass","Stone and glass","70","2.31556656893288","7","0.0273223130337787","0.473923272340849","Middle-range candidates"
"7007","Safety glass","Stone and glass","70","0.712409830673201","29","0.0549411821082867","0.540542020835183","Middle-range candidates"
"7008","Multiple-walled insulating glass","Stone and glass","70","0.709668401748485","27","0.0545663778992677","0.521173797397542","Middle-range candidates"
"702","702","Unknown","","","","","","Network only"
"707","707","Unknown","","","","","","Network only"
"709","709","Unknown","","","","","","Network only"
"710","710","Unknown","","","","","","Network only"
"7107","Silver clad metals","Precious metals","71","1.8735726345489","8","0.0348967543218887","0.489576674041737","Excluded from relative universe"
"711","711","Unknown","","","","","","Network only"
"712","712","Unknown","","","","","","Network only"
"7204","7204","Metals","72","-0.738914810913624","99","","","Network only"
"7208","Flat-rolled iron, width > 600mm, hot-rolled, not clad","Metals","72","0.50397630769314","26","0.052197800087666","0.534400167451298","Middle-range candidates"
"7209","Flat-rolled iron, width > 600mm, cold-rolled, not clad","Metals","72","0.0788167051869511","24","0.0546268931577439","0.490031878758016","Middle-range candidates"
"7210","Flat rolled iron, width > 600mm, clad","Metals","72","0.0252811485095647","35","0.058358111936095","0.502742838004513","Middle-range candidates"
"7213","Hot rolled bars of iron","Metals","72","-0.536030948515955","34","0.067754189943368","0.484471647908509","Incremental extensions"
"7217","Wire of iron or nonalloy steel","Metals","72","-0.422283425779568","33","0.0642400140080231","0.468504255551663","Middle-range candidates"
"7219","Flat-rolled products of stainless steel of a width > 600 mm","Metals","72","0.904025811710351","16","0.0432207066136954","0.511231122135441","Excluded from relative universe"
"7220","Flat-rolled products of stainless steel of a width < 600 mm","Metals","72","1.66170364072168","18","0.0446606045949084","0.574845977452986","Excluded from relative universe"
"7221","Bars of stainless steel, hot-rolled","Metals","72","2.11930964714878","11","0.0368437695036501","0.528740877551064","Excluded from relative universe"
"7222","Other bars and rods of stainless steel","Metals","72","1.56334276978346","17","0.0434387979004947","0.571491078161995","Excluded from relative universe"
"7224","Other alloy steel in primary form","Metals","72","0.543852053057285","17","0.0564828043812519","0.525646229737105","Middle-range candidates"
"7225","Flat-rolled products of other alloy steel, width > 600 mm","Metals","72","1.73410730261971","13","0.0317794134606202","0.542216928106489","Transformational long shots"
"7226","Flat-rolled products of other alloy steel, width < 600 mm","Metals","72","1.31041612382835","17","0.0406310589056029","0.540048453871708","Transformational long shots"
"7227","Bars of other alloy steel","Metals","72","0.144673073851173","20","0.0526111122640229","0.494878873808318","Middle-range candidates"
"7229","Wire of other alloy steel","Metals","72","1.26514900070199","15","0.0398380206445383","0.51777668620902","Transformational long shots"
"7302","Railway construction material of iron or steel","Metals","73","0.952496911301857","18","0.0470710821381197","0.538452333690173","Transformational long shots"
"7307","Tube or pipe fittings of iron or steel","Metals","73","0.870836614513626","31","0.0502809413177457","0.543015686099453","Transformational long shots"
"7308","Structures and their parts, of iron or steel","Metals","73","0.505819467208917","43","0.0586025201422528","0.543675496229944","Middle-range candidates"
"7309","Tanks etc. > 300 liters, iron or steel","Metals","73","0.0949269591553788","44","0.0621660176013405","0.493333621320356","Middle-range candidates"
"7310","Tanks etc. < 300 liters, iron or steel","Metals","73","-0.13729762318212","48","0.0648217821692196","0.501475961980426","Middle-range candidates"
"7312","Wire of iron or steel, not insulated","Metals","73","0.30816152142805","25","0.0582634812839872","0.494296890880756","Middle-range candidates"
"7314","Cloth of iron or steel wire","Metals","73","-0.0307076696679183","40","0.0635450556163815","0.495605637511778","Middle-range candidates"
"7318","Screws and similar articles of iron or steel","Metals","73","1.80164533904021","20","0.0364928123507353","0.569740001756653","Transformational long shots"
"7320","Springs of iron or steel","Metals","73","0.979067226130739","23","0.0489941460417889","0.556841257292852","Transformational long shots"
"7322","Radiators for central heating of iron or steel","Metals","73","0.788472668910725","25","0.0549754183947657","0.519907465158874","Middle-range candidates"
"7325","Other cast articles of iron or steel","Metals","73","0.602487106533117","32","0.0548525015085175","0.527323745153035","Middle-range candidates"
"7326","Other articles of iron or steel","Metals","73","0.850571249256656","37","0.054546714224265","0.573625927212827","Strategic bets"
"7401","Copper mattes","Metals","74","-1.25081903941104","16","0.0851376805547141","0.426230934773199","Incremental extensions"
"7402","Unrefined copper","Metals","74","-1.77392860250277","16","0.0860893688700545","0.425476385210815","Incremental extensions"
"7404","Copper waste and scrap","Metals","74","-1.13195228946973","108","0.0878249463391366","0.475404097182343","Incremental extensions"
"7407","Copper bars, rods and profiles","Metals","74","0.598231642359976","29","0.0578006172965165","0.552353655640014","Middle-range candidates"
"7412","Copper tube or pipe fittings","Metals","74","0.826442294699034","18","0.0432515912636097","0.507266940168113","Transformational long shots"
"7415","Screws and similar articles of copper","Metals","74","1.28041840695411","17","0.0420110300881245","0.527747232140933","Transformational long shots"
"7505","Nickel bars, wire etc.","Metals","75","1.14410089041811","11","0.0448214551591437","0.515808343420101","Middle-range candidates"
"7506","Nickel plates","Metals","75","2.2912885112631","6","0.034431238371035","0.503980745826968","Middle-range candidates"
"7507","Nickel tubes and pipes","Metals","75","1.19265021088107","13","0.0445372986142925","0.539577047676798","Transformational long shots"
"7602","7602","Metals","76","-0.803233005898492","107","","","Network only"
"7604","Aluminum bars","Metals","76","0.338836026775084","40","0.0579573446995649","0.514682421208306","Middle-range candidates"
"7607","Aluminum foil < 0.2 mm","Metals","76","0.948934646442538","20","0.0433666098509559","0.535645961986389","Excluded from relative universe"
"7609","Aluminum tube or pipe fittings","Metals","76","1.00674027468747","16","0.0446219102184626","0.543401354757461","Transformational long shots"
"7610","Aluminum structures (bridges, towers etc)","Metals","76","0.371783718745447","43","0.0582803229282191","0.519504732228316","Middle-range candidates"
"7612","Aluminum containers, <300 liters","Metals","76","0.0141752231087765","43","0.0693473308991494","0.520805427200931","Incremental extensions"
"7616","Other articles of aluminum","Metals","76","0.564886377285264","29","0.0539014117102545","0.548476431697587","Middle-range candidates"
"806","806","Unknown","","","","","","Network only"
"807","807","Unknown","","","","","","Network only"
"808","808","Unknown","","","","","","Network only"
"809","809","Unknown","","","","","","Network only"
"8109","Zirconium","Metals","81","0.244797965014947","7","0.0518819070533699","0.41510236335257","Middle-range candidates"
"811","811","Unknown","","","","","","Network only"
"813","813","Unknown","","","","","","Network only"
"8207","Interchangeable tools for hand tools","Metals","82","1.96135649544845","20","0.0361696692051116","0.559837319649946","Excluded from relative universe"
"8208","Knives and blades for machines","Metals","82","1.59028006804516","21","0.0403299104525871","0.572853986226894","Excluded from relative universe"
"8213","Scissors","Metals","82","0.839095493771523","7","0.0402188800153543","0.411598592233234","Middle-range candidates"
"8214","Other cutlery","Metals","82","-0.0655856463541125","5","0.044699502100231","0.355080928845231","Low-priority products"
"8303","Safes","Metals","83","0.669029882763049","20","0.0472601441682758","0.495439303403255","Middle-range candidates"
"8309","Stoppers, caps and lids of metal","Metals","83","0.0106502057546141","37","0.0659927971308207","0.513320244673741","Middle-range candidates"
"8402","Steam boilers","Machinery and electrical","84","0.225119673921004","20","0.0514709367088489","0.481505202558307","Middle-range candidates"
"8403","Central heating boilers","Machinery and electrical","84","0.706408304016367","27","0.051381501626168","0.525310854911267","Middle-range candidates"
"8404","Auxiliary parts for use with boilers","Machinery and electrical","84","1.09606148797751","23","0.0473739633339923","0.549851257008421","Excluded from relative universe"
"8409","Parts suitable for use with spark-ignition engines","Machinery and electrical","84","0.897795056674375","28","0.054774488632884","0.539196944460897","Excluded from relative universe"
"8412","Other engines and motors","Machinery and electrical","84","0.839231205200126","29","0.0478476049379811","0.537519891676196","Excluded from relative universe"
"8413","Pumps for liquids","Machinery and electrical","84","1.58202742348399","25","0.0436338252162978","0.590923972751237","Transformational long shots"
"8414","Pumps, compressors, fans, etc.","Machinery and electrical","84","1.49344428895028","23","0.0419691908937323","0.561450369506974","Transformational long shots"
"8416","Furnace burners","Machinery and electrical","84","0.998239505185588","19","0.0480760186138891","0.526924223428449","Transformational long shots"
"8417","Industrial furnaces","Machinery and electrical","84","1.19148735135431","18","0.0415483090763832","0.535248101779914","Transformational long shots"
"8418","Refrigerators, freezers","Machinery and electrical","84","0.595180166073555","28","0.054890623263252","0.543672775059015","Excluded from relative universe"
"8419","Equipment for temperature change of materials","Machinery and electrical","84","1.28782496272827","31","0.0464998308104532","0.593058969097695","Transformational long shots"
"8420","Calendering or other rolling machines, other than for metals or glass","Machinery and electrical","84","1.64747617837686","16","0.034150063007599","0.511782779686168","Excluded from relative universe"
"8422","Dish washing machines","Machinery and electrical","84","0.995183005224012","23","0.0483782502056517","0.551435729668492","Excluded from relative universe"
"8424","Sprays and powder dispersers","Machinery and electrical","84","0.951980085575122","29","0.0503652939844216","0.550272666789112","Excluded from relative universe"
"8428","Other lifting machinery","Machinery and electrical","84","1.23882879065291","28","0.0459946268858861","0.573206048441877","Transformational long shots"
"8431","Parts for use with hoists and excavation machinery","Machinery and electrical","84","0.66278406860745","41","0.0539047142610593","0.542552727915245","Middle-range candidates"
"8432","Machinery for soil preparation or cultivation","Machinery and electrical","84","0.743273200994577","28","0.0566624431788316","0.562800015648298","Middle-range candidates"
"8433","Harvesting or agricultural machinery","Machinery and electrical","84","1.0282059904972","29","0.052632907131645","0.56334993417384","Excluded from relative universe"
"8434","Dairy machinery","Machinery and electrical","84","0.568350174828129","26","0.0530133955322349","0.528308873312329","Excluded from relative universe"
"8436","Other agricultural machinery","Machinery and electrical","84","0.929615699650301","25","0.053062076552301","0.549663577325322","Strategic bets"
"8438","Machinery for the industrial preparation of food or drink","Machinery and electrical","84","0.478684538132469","29","0.0523221854725587","0.514887922191149","Middle-range candidates"
"8439","Machinery for making paper","Machinery and electrical","84","1.40402764220954","15","0.0399722980847899","0.549767507700193","Transformational long shots"
"8441","Other machinery for making paper","Machinery and electrical","84","1.16188581030921","16","0.0414711603506719","0.54086304869432","Excluded from relative universe"
"8442","Machinery for making printing components","Machinery and electrical","84","0.954919363839075","29","0.0496800812545114","0.527724061737321","Excluded from relative universe"
"8444","Machines to extrude, cut manmade textile fibres","Machinery and electrical","84","2.35197116953721","6","0.0250870669054854","0.483609831734918","Excluded from relative universe"
"8445","Machines for preparing textile fibers","Machinery and electrical","84","1.16970252178513","8","0.0346105681331722","0.464068176384131","Excluded from relative universe"
"8449","Machinery to manufacture felt","Machinery and electrical","84","1.38908480693015","7","0.0350327448330716","0.458925297105137","Middle-range candidates"
"8451","Machinery for processing fabrics","Machinery and electrical","84","0.985433485610122","18","0.0442527411657892","0.519638745634469","Excluded from relative universe"
"8454","Machines used in metallurgy","Machinery and electrical","84","1.58455583132256","15","0.0349888970418849","0.533393931817712","Excluded from relative universe"
"8455","Metal-rolling mills","Machinery and electrical","84","0.996056580956278","16","0.0419343183051023","0.526070533471178","Transformational long shots"
"8456","Machines for working materials by laser and similar means","Machinery and electrical","84","2.05623031540113","14","0.0305440157124665","0.54156573541723","Excluded from relative universe"
"8457","Machining centers for working metal","Machinery and electrical","84","1.9796378413362","12","0.0306050379147304","0.512095661375549","Excluded from relative universe"
"8458","Lathes for removing metal","Machinery and electrical","84","1.77022290754382","13","0.0382574005083448","0.549337904855919","Excluded from relative universe"
"8460","Machines with grinding stones for finishing metal","Machinery and electrical","84","1.58338263408472","14","0.0400109923178236","0.518088727688569","Excluded from relative universe"
"8461","Other machine tools for planing and cutting metals","Machinery and electrical","84","1.28558637171248","15","0.0340962633537786","0.496297751707433","Excluded from relative universe"
"8462","Machine tools for molding and forging metals","Machinery and electrical","84","1.41514207837479","21","0.0427124867871472","0.552204567754617","Transformational long shots"
"8463","Other machine tools for working metal, without removal","Machinery and electrical","84","1.40332026206774","16","0.0421348451273437","0.546584550828231","Transformational long shots"
"8464","Machine tools for working stone","Machinery and electrical","84","1.40488360784212","20","0.0409880693743686","0.55305795894007","Transformational long shots"
"8465","Machine tools for working wood","Machinery and electrical","84","1.14820659079491","22","0.041813152016693","0.528686904717224","Excluded from relative universe"
"8466","Parts and accessories for metal working machines","Machinery and electrical","84","1.8534138553019","24","0.0433575506867592","0.588206537478169","Excluded from relative universe"
"8475","Machines for assembling electric lamps","Machinery and electrical","84","1.74826468448781","16","0.0414335478792157","0.561465258527704","Excluded from relative universe"
"8476","Automatic goods-vending machines","Machinery and electrical","84","1.03213604629585","24","0.0447138727398642","0.525152454297308","Excluded from relative universe"
"8477","Machinery for working rubber or plastics","Machinery and electrical","84","1.70284821816458","16","0.0352604953114197","0.548511738541798","Transformational long shots"
"8480","Molding boxes for metal foundry","Machinery and electrical","84","1.47850683167007","14","0.0404422286067979","0.536998434433133","Transformational long shots"
"8481","Appliances for thermostatically controlled valves","Machinery and electrical","84","1.31128654720138","25","0.0440772034656588","0.581947276137615","Transformational long shots"
"8483","Transmission shafts","Machinery and electrical","84","1.5844376006897","25","0.0444343626160528","0.590049445031985","Excluded from relative universe"
"8485","Machinery parts, not containing electrical features, n.e.c.","Machinery and electrical","84","1.34185599305604","29","0.0435788676126695","0.557938695403475","Excluded from relative universe"
"8501","Electric motors and generators","Machinery and electrical","85","1.0892833757173","29","0.0446657983247465","0.552452983716942","Transformational long shots"
"8503","Parts for use with electric generators","Machinery and electrical","85","0.726760015254366","33","0.049564787513876","0.526868343828518","Excluded from relative universe"
"8510","Electric shavers and hair clippers","Machinery and electrical","85","0.983394169649996","10","0.0372736103106468","0.46484163889674","Middle-range candidates"
"8511","Electrical ignition equipment","Machinery and electrical","85","1.21810160958701","21","0.0475404564793161","0.555221146205114","Excluded from relative universe"
"8512","Electrical lighting equipment used for motor vehicles","Machinery and electrical","85","0.924356035764849","23","0.0481215921972278","0.542406205520816","Transformational long shots"
"8514","Industrial electric furnaces","Machinery and electrical","85","1.42960679005924","19","0.0401927666942373","0.574405895704143","Transformational long shots"
"8515","Electric soldering machines","Machinery and electrical","85","1.12668293177491","22","0.0446124806648206","0.548243894393332","Excluded from relative universe"
"8516","Electric heaters","Machinery and electrical","85","0.801919142110046","26","0.0524695102414808","0.547815477028721","Strategic bets"
"8530","Electric signal and traffic controls","Machinery and electrical","85","0.846202183705413","26","0.0535322735863817","0.539595173500644","Excluded from relative universe"
"8532","Electrical capacitors","Machinery and electrical","85","0.816928987375784","17","0.0352589854904967","0.455093777357678","Middle-range candidates"
"8537","Electrical boards","Machinery and electrical","85","0.974762619073259","39","0.054709916375663","0.530562505649376","Middle-range candidates"
"8541","Semiconductor devices","Machinery and electrical","85","0.718283886576233","16","0.0443390696877147","0.477302773959028","Middle-range candidates"
"8542","Electronic integrated circuits","Machinery and electrical","85","1.57130484573924","15","0.029737335869122","0.483293362149882","Middle-range candidates"
"8606","Railway cars, not self-propelled","Transport equipment","86","-0.102785792002555","26","0.0655598424824675","0.499391821763491","Middle-range candidates"
"8607","Parts of railway locomotives","Transport equipment","86","0.602374313866943","29","0.0544529012258219","0.540421133192796","Middle-range candidates"
"8608","Railway track fixtures","Transport equipment","86","0.637383315181615","29","0.0528902953004129","0.522272740626441","Middle-range candidates"
"8708","Parts of motor vehicles","Transport equipment","87","1.03630504143251","29","0.0532795348432311","0.585212413805596","Strategic bets"
"8711","Motorcycles","Transport equipment","87","0.342270550661982","24","0.0466519333176968","0.508320512329297","Middle-range candidates"
"8712","Bicycles","Transport equipment","87","0.600840606329012","25","0.0465477349944794","0.507184655492791","Middle-range candidates"
"8715","Baby carriages","Transport equipment","87","0.453228739706499","11","0.0398819390128939","0.439832635550965","Middle-range candidates"
"8716","Trailers and semi-trailers","Transport equipment","87","0.780297027013984","29","0.0528509417003629","0.549821690754201","Middle-range candidates"
"9011","Optical microscopes","Instruments","90","1.54229021797922","16","0.0351527658190726","0.49763983505158","Transformational long shots"
"9022","X-ray machines","Instruments","90","1.58738046979191","15","0.0373200993091735","0.533154761085948","Excluded from relative universe"
"9026","Instruments for measuring properties of liquids or gases","Instruments","90","1.39356044767775","24","0.0445407505130442","0.555366187654843","Transformational long shots"
"9027","Instruments for physical or chemical analysis","Instruments","90","1.63389120885762","27","0.0434036859196819","0.560160039816723","Transformational long shots"
"9028","Gas, liquid or electricity meters","Instruments","90","0.668347108091493","27","0.0492257488709216","0.500360218718606","Middle-range candidates"
"9032","Automatic regulating instruments","Instruments","90","1.38028348463739","25","0.0474595622250112","0.549972473693322","Transformational long shots"
"909","909","Unknown","","","","","","Network only"
"9101","Watches with precious metal","Instruments","91","0.762792391657445","19","0.0442874909023614","0.435822877698605","Middle-range candidates"
"9102","Watches","Instruments","91","0.848506236397873","18","0.0427408318897712","0.430930442679938","Middle-range candidates"
"9305","Parts of military weapons","Other manufactures","93","0.799086133027038","21","0.0531595587831063","0.533234144982029","Middle-range candidates"
"9401","Seats","Other manufactures","94","0.329235199996359","30","0.0558706719784178","0.500165764213247","Middle-range candidates"
"9402","Medical, dental or veterinary furniture","Other manufactures","94","0.902923263684171","23","0.0483710475181671","0.554310730187633","Transformational long shots"
"9403","Other furniture and parts","Other manufactures","94","0.369377934488442","36","0.0581796867585239","0.524711454145712","Middle-range candidates"
"9406","Prefabricated buildings","Other manufactures","94","0.144338160007411","41","0.0613090262462219","0.511071088237736","Middle-range candidates"
"9606","Buttons","Other manufactures","96","0.140073855131679","18","0.0450047347650251","0.438486007382406","Middle-range candidates"
"9610","Slates and boards, with writing or drawing surfaces","Other manufactures","96","0.601844667462359","11","0.0422758756409014","0.43578014380582","Middle-range candidates"
